res_name_1,res_id_1,atom_1,res_name_2,res_id_2,atom_2,bond_vector,rdc
G,28,C8,G,28,H8,C8H8,35.862
G,36,C8,G,36,H8,C8H8,34.417
C,29,C1',C,29,H1',C1'H1',-17.092
G,28,N1,G,28,H1,N1H1,-18.8615
G,36,N1,G,36,H1,N1H1,-17.499
G,34,C8,G,34,H8,C8H8,31.024
G,33,C8,G,33,H8,C8H8,24.914
G,32,C8,G,32,H8,C8H8,3.061
G,32,C1',G,32,H1',C1'H1',4.401
G,33,C1',G,33,H1',C1'H1',1.792
G,34,C1',G,34,H1',C1'H1',12.173
C,30,C1',C,30,H1',C1'H1',9.849
A,27,C2,A,27,H2,C2H2,38.37838681
U,31,C6,U,31,H6,C6H6,-7.382434117
U,31,C1',U,31,H1',C1'H1',-13.72275682
A,35,C8,A,35,H8,C8H8,4.096728551
A,35,C1',A,35,H1',C1'H1',-17.21653051
