,bv_type,bv_res,s2_rel
0,C8H8,28,0.790981219739983
1,N1H1,28,0.8742254720109943
2,C1'H1',28,0.7464544175215175
3,C6H6,29,0.938803097862908
4,C1'H1',29,0.7726125559170491
5,C6H6,30,0.8795247878350279
6,C1'H1',30,0.8015479044452651
7,C6H6,31,0.13712627770318875
8,N3H3,31,0.13639278903188423
9,C1'H1',31,0.20222265922517657
10,C8H8,32,0.08552692025864217
11,N1H1,32,0.14131387673537565
12,C1'H1',32,0.10422360687940291
13,C8H8,33,0.07255936335484137
14,N1H1,33,0.05910671691904579
15,C1'H1',33,0.07972301803015691
16,C8H8,34,0.43039305234881087
17,N1H1,34,0.6794681492992132
18,C1'H1',34,0.23579512339848596
19,C8H8,35,0.13266523986581547
20,C2H2,35,0.17954118492225668
21,C1'H1',35,0.09930322352384147
22,C8H8,36,0.955222591425678
23,N1H1,36,0.9365919925999284
24,C1'H1',36,0.8024655344749465
25,C6H6,37,0.887582628387281
26,C1'H1',37,0.8847395903586053
