	res_no	atom	mdw_avg	mdw_std	pdw_avg1	pdw_avg2	pdw_avg3	pdw_avg	pdw_std
0	30	C1'	2.315	0.10511898	1.4053938155128805	1.748270239995648	1.748270239995648	1.633978098501392	0.1616334965738414
1	31	C1'	2.21	0.1	0.3849675260690191	3.070164037287199	3.070164037287199	2.1750985335478057	1.2658137746005564
4	31	C4'	-1.0	0.049497475	-1.5885512597915152	0.14512856091087656	0.14512856091087656	-0.4327647126565874	0.8172645050832927
7	31	C6	1.32	0.04	1.4911240302668318	-0.01675481486054764	-0.01675481486054764	0.48587146684857885	0.7108209043982067
2	34	C1'	2.395	0.10511898	1.1890916847624737	0.0013349990378372922	0.0013349990378372922	0.3972538942793828	0.5599138712503663
6	34	C8	2.6	0.2	5.465851373754646	5.362865825792568	5.362865825792568	5.397194341779927	0.0485478528854651
3	35	C1'	2.795	0.121655251	-1.254023781032302	0.685744505773755	0.685744505773755	0.03915507683840266	0.9144155396874497
5	35	C4'	-2.14	0.070710678	-3.9090932789368935	-3.0336642727465346	-3.0336642727465346	-3.325473941476654	0.4126811911497352
