	res_no	atom	mdw_avg	mdw_std	pdw_avg1	pdw_avg2	pdw_avg3	rpdw_avg	rpdw_std
0	30	C1'	2.315	0.10511898	2.056010310858184	-1.1921958595167297	2.247559880150206	1.0371247771638867	1.5783061986871751
1	31	C1'	2.21	0.1	-0.34279793840774175	-0.2903622907315935	-2.9971562774049687	-1.2101055021814346	1.263817030324427
4	31	C4'	-1.0	0.049497475	3.5851707331075033	-0.9827704316173254	0.28508286471021904	0.9624943887334657	1.9253893806633036
7	31	C6	1.32	0.04	2.0220459526962316	0.9720220853144781	0.5410257200751687	1.178364586028626	0.6219797172786066
2	34	C1'	2.395	0.10511898	2.064405362411023	-3.3819975625441288	0.9536621251815234	-0.12131002498386086	2.3498226951500545
6	34	C8	2.6	0.2	-1.316852381006811	-2.699957761467232	-0.06968871605261029	-1.362166286175551	1.0742807905191942
3	35	C1'	2.795	0.121655251	0.3380821995724972	-0.4293134405874355	-2.0688035089825974	-0.7200115833325119	1.0038770712121639
5	35	C4'	-2.14	0.070710678	-2.186138599611539	1.1005641907595134	3.087811403965148	0.6674123317043742	2.1747570837235783
