	res_no	atom	mdw_avg	mdw_std	pdw_avg1	pdw_avg2	pdw_avg3	pdw_avg	pdw_std
0	30	C1'	2.315	0.10511898	-3.1790292976518657	-3.1790292976518657	-0.8435775711551372	-2.400545388819623	1.1009425019597778
1	31	C1'	2.21	0.1	-9.089800401888837	-9.089800401888837	-6.787569322804117	-8.32239004219393	1.0852821385861522
4	31	C4'	-1.0	0.049497475	-0.8546336546167055	-0.8546336546167055	0.38736982332105185	-0.4406324953041197	0.5854860543380431
7	31	C6	1.32	0.04	0.05885365612499527	0.05885365612499527	0.11419177235188727	0.0772996948672926	0.026086638161416438
2	34	C1'	2.395	0.10511898	-4.069652581664641	-4.069652581664641	-3.3421026614822438	-3.827135941603842	0.3429703214751365
6	34	C8	2.6	0.2	-0.36483687379481466	-0.36483687379481466	-0.5891059735828321	-0.4395932403908205	0.10572146751380643
3	35	C1'	2.795	0.121655251	-7.673042065248566	-7.673042065248566	-4.861104050430214	-6.7357293936424485	1.3255602923695304
5	35	C4'	-2.14	0.070710678	-4.178643804062716	-4.178643804062716	-4.599382827645272	-4.318890145256901	0.19833827779002122
