res_no,atom,dw_1,dw_err_1,dw_2,dw_err_2,dw_avg,dw_err_avg
29,C1',0,0,,,0,0
29,C4',0,0,,,0,0
29,C6,0,0,,,0,0
30,C1',2.1,0.1,2.53,0.11,2.315,0.10511898
30,C4',0,0,,,0,0
30,C6,0,0,,,0,0
31,C1',2.1,0.1,2.32,0.1,2.21,0.1
31,C4',0,0,-1,0.07,-1,0.049497475
31,C6,1.32,0.04,,,1.32,0.04
32,C1',0,0,,,0,0
32,C4',0,0,,,0,0
32,C8,0,0,,,0,0
33,C1',0,0,,,0,0
33,C4',0,0,,,0,0
33,C8,0,0,,,0,0
34,C1',2.3,0.1,2.49,0.11,2.395,0.10511898
34,C4',0,0,,,0,0
34,C8,2.6,0.2,,,2.6,0.2
35,C1',0,0,,,0,0
35,C4',0,0,-2.14,0.1,-2.14,0.070710678
35,C8,0,0,,,0,0
36,C1',0,0,,,0,0
36,C4',0,0,,,0,0
36,C8,0,0,,,0,0